pedigree_no,name,Chinese_Name,birth_place,birth_day,Sex, Sire,Dam
253,XIN_XING,,BAOXING,wild ~1982,F,WILD,WILD
278,QING_QING,,CHENGDU ,1984/9/9,F,174,152
314,BING_BING,,CHENGDU ,1986/8/6,F,201,243
327,AN_AN,,BAOXING,wild ~ 1986,M,WILD,WILD
332,SHUAN_SHUAN,,MEXICOCTY,1987/6/15,F,167,165
342,XIAO_PING_PIN,,LUSHAN CO,wild ~  Sep 1987,M,WILD,WILD
360,XIN_XIN,,MEXICOCTY,1990/7/1,F,141,234
362,YA_YA,,CHENPANDA,1990/8/24,F,202,278
371,BAI_YUN,,WOLONG BC ,1991/9/7,F,308,358
374,LEI_LEI,,LEIBUO ,wild ~ 1989,F,WILD,WILD
382,YING_YING,,WOLONG,wild ~ Oct 1991,F,WILD,WILD
387,LI_LI,,CHENPANDA ,1992/9/3,F,202,278
390,YONG_MING,,BEIJING ,1992/9/14,M,323,245
394,DA_DI,,WOLONG BC ,1992/9/22,M,308,358
399,XI_MENG,,WOLONG BC ,1993/9/19,M,308,358
401,ER_YA_TOU,,CHENPANDA,1993/9/19,F,342,278
403,JI_NI,,BEIJING ,1993/11/4,F,323,245
404,YUE_YUE,,WOLONG BC ,1993/11/20,F,329,230
407,SHU_LAN,,CHENPANDA ,1994/8/31,F,298,312
413,DI_DI,,WOLONG BC ,1994/10/5,M,308,230
415,GAO_GAO,,BAOXING,wild ~1992 +/-2yr,M,WILD,WILD
416,QIAO_YUAN,,BAOXING,wild ~ 1993,F,WILD,WILD
424,LING_LING,,CHONGQING ,1995/8/25,M,231,253
425,JIAO_ZI,,CHENPANDA,1995/8/21,F,298,314
432,FEI_FEI,,WOLONG BC ,1995/8/16,F,308,397
434,SHUANG_SHUANG,,WOLONG BC ,1995/9/16,F,306,358
444,XUE_XUE,,BAOXING,wild ~ 1988,F,WILD,WILD
452,LUN_LUN,,CHENPANDA,1997/8/25,F,298,314
453,DA_SHUANG,,CHENPANDA,1997/9/1,F,287,278
454,XIAO_SHUANG,,CHENPANDA ,1997/9/1,M,287,278
458,TIAN_TIAN,,WOLONG BC,1997/8/27,M,308,397
461,YANG_YANG,,CHENPANDA,1997/9/9,M,306,362
466,LE_LE,,CHONGQING,1998/7/18,M,231,253
473,MEI_XIANG,,WOLONG BC,1998/7/22,F,298,444
474,YOU_YOU,,WOLONG BC ,1998/8/3,F,298,382
476,XI_XI,,WOLONG BC ,1998/8/13,F,308,397
477,GONG_ZHU,,WOLONG BC ,1998/9/11,F,394,446
480,SHU_QING,,CHONGQING,1999/8/3,F,231,253
487,HUA_MEI,,SANDIEGOZ ,1999/8/21,F,381,371
488,YUAN_YUAN,,BEIJING,2003/9/16,M,323,245
490,QI_ZHEN,,CHENPANDA,1999/9/4,F,287,408
491,QI_YUAN,,CHENPANDA,1999/9/4,F,287,408
494,YA_LAO_DA,,CHENPANDA,1999/9/9,F,287,362
495,YE_YE,,WOLONG BC ,1999/9/25,F,MULT,446
496,GU_GU,,WOLONG BC ,1999/9/25,M,308,446
502,WU_GANG,,BAOXING,wild ~ 1999,M,WILD,WILD
503,LU_LU,,LUSHAN CO,wild ~ 1999,M,WILD,WILD
505,ZHANG_KA,,BAOXING,wild ~ 2000,F,WILD,WILD
507,YA_YA,,BEIJING,2000/8/3,F,369,320
509,ZHU_ZHU,,WOLONG BC,2000/8/6,F,329,418
511,XI_MEI,,WOLONG BC ,2000/8/8,F,394,414
512,LE_SHENG,,WOLONG BC ,2000/8/10,F,305,432
513,LIANG_LIANG,,WOLONG BC ,2000/8/10,M,394,382
514,YANG_YANG,,WOLONG BC,2000/8/10,F,394,382
515,LIANG_LIANG,,CHENPANDA,2000/8/18,M,287,278
516,LONG_XIN,,WOLONG BC ,2000/8/18,F,308,374
518,LONG_SHENG,,WOLONG BC,2000/8/21,M,394,404
519,BING_XING,,CHENPANDA,2000/9/1,M,287,314
520,BING_DIAN,,CHENPANDA ,2000/9/1,M,287,314
521,LIANG_BIN,,NISHIMURO ,2000/9/6,F,287,408
522,CHENG_GONG,,CHENPANDA,2000/9/11,F,386,297
523,CHENG_JI,,CHENPANDA,2000/9/12,F,386,297
524,LONG_TENG,,WOLONG BC ,2000/9/16,M,394,397
529,YA_XIANG,,CHENPANDA ,2001/8/20,M,287,362
530,YA_GUANG,,CHENPANDA,2001/8/20,M,287,362
532,FU_FU,,WOLONG BC ,2001/8/25,M,MULT,414
536,XIAO_JIAO,,CHENPANDA ,2001/9/22,M,287,425
537,QING_HE,,CHENPANDA,2001/9/24,F,287,278
538,LIN_YANG,,WOLONG BC ,2001/9/28,M,MULT,446
539,LIN_HUI,,WOLONG BC,2001/9/28,F,MULT,446
540,XIONG_BING,,NISHIMURO ,2001/12/17,M,390,408
542,DAI_LI,,BAOXING ,wild ~ 1999,M,WILD,WILD
544,HAI_ZI,,MIANYANG,wild ~ 1994,F,WILD,WILD
547,MEI_QING,,WOLONG BC ,2002/7/12,F,394,382
548,LAN_XIANG,,WOLONG BC ,2002/7/12,F,MULT,382
549,ZHU_YUN,,WOLONG BC,2002/7/17,F,394,374
554,YA_SHUANG,,CHENPANDA ,2002/8/28,F,287,362
555,YA_XING,,CHENPANDA ,2002/8/28,F,287,362
557,JU_XIAO,,WOLONG BC ,2002/9/28,F,MULT,446
561,YUAN_YUAN,,CHENPANDA ,2003/8/1,F,386,314
562,LOU_SHENG,,LOUGUANTA ,2003/8/2,F,377,444
563,MEI_SHENG,,SANDIEGOZ ,2003/8/19,M,415,371
564,YANG_GUANG,,WOLONG BC,2003/8/14,M,308,414
565,XIN_YUE,,WOLONG BC,2003/8/14,F,308,414
566,YING_HUA,,WOLONG BC ,2003/8/17,F,424,382
567,YING_MEI,,WOLONG BC ,2003/8/17,F,424,382
568,NA_NA,,WOLONG BC ,2003/8/20,F,399,374
569,TIAN_TIAN,,BEIJING,2003/8/24,F,369,421
570,FU_WA,,CHENPANDA ,2003/9/6,F,287,362
571,GE_GE,,WOLONG BC ,2003/9/6,F,424,477
572,JUN_ZHU,,WOLONG BC ,2003/9/6,F,357,477
573,LONG_BING,,NISHIMURO ,2003/9/8,M,390,408
574,QIU_BING,,NISHIMURO ,2003/9/8,M,390,408
575,QING_ZAI,,CHENPANDA ,2003/9/9,M,287,278
576,HUA_ZUI_BA,,CHENPANDA,2003/9/16,F,377,297
579,YANG_YANG,,BAISHUIJI,wild ~ Oct 2001,M,WILD,WILD
581,CAO_CAO,,CAOPO,wild ~ 2002,F,WILD,WILD
582,RONG_RONG,,WOLONG BC,2004/7/13,M,327,476
583,YA_AO,,WOLONG BC ,2004/8/13,M,424,477
584,YONG_YONG,,CHENPANDA ,2004/8/26,M,377,480
586,TONG_TONG,,WOLONG BC ,2004/8/30,M,399,414
587,YUAN_YUAN,,WOLONG BC ,2004/8/30,F,455,374
588,TUAN_TUAN,,WOLONG BC ,2004/9/1,M,424,487
589,MEI_LING,,WOLONG BC ,2004/9/1,M,424,487
592,LAN_ZI,,CHENPANDA ,2004/10/21,M,467,407
593,SI_YUAN,,CHENPANDA ,2004/10/22,F,467,491
595,TAI_SHAN,,NZP-WASH ,2005/7/9,M,458,473
596,SU_LIN,,SANDIEGOZ ,2005/8/2,F,415,371
598,JING_JING,,CHENPANDA ,2005/8/30,F,386,362
599,XIAN_ZI,,WOLONG BC ,2005/7/3,M,455,382
600,XIAN_NU,,WOLONG BC ,2005/7/3,F,455,382
601,YAO_YAO,,WOLONG BC,2005/7/8,F,502,439
605,JING_JING,,WOLONG BC ,2005/8/6,M,455,432
606,LE_LE,,WOLONG BC ,2005/8/8,M,424,544
607,XI_WANG,,WOLONG BC ,2005/8/11,M,369,516
609,HUI_HUI,,WOLONG BC ,2005/8/11,M,357,511
610,YING_YING,,WOLONG BC ,2005/8/16,F,503,476
611,LI_LI,,WOLONG BC ,2005/8/16,F,424,477
612,BI_LI,,WOLONG BC ,2005/8/16,M,424,477
613,YOU_YOU,,WOLONG BC ,2005/8/16,M,424,374
614,XING_BING,,NISHIMURO ,2005/8/23,M,390,408
618,TING_TING,,WOLONG BC ,2005/8/29,F,424,487
619,WEI_WEI,,WOLONG BC ,2005/8/29,M,424,487
620,WANG_WANG,,WOLONG BC ,2005/8/31,M,455,504
623,BAI_YANG,,BAOXING ,wild ~ 2004,M,WILD,WILD
624,QIAO_QIAO,,CHANGQING,wild ~ 2004,M,WILD,WILD
625,SI_XUE,,WOLONG BC ,2006/7/22,F,467,418
627,LE_SHAN,,CHENPANDA ,2006/8/6,M,455,491
628,LE_SHUI,,CHENPANDA,2006/8/6,M,455,491
629,ZHEN_DA,,CHENPANDA ,2006/8/7,M,455,490
630,WU_YI,,CHENPANDA ,2006/8/7,M,455,490
631,MEI_XI,,WOLONG BC, 10 Aug 2006,F,502,476
632,MEI_XIN,,WOLONG BC ,2006/8/10,F,503,476
633,TAO_TAO,,WOLONG BC ,2006/8/12,M,424,511
634,SI_JIA,,WOLONG BC,2006/8/12,F,424,511
635,XIAO_YA_TOU,,CHENPANDA ,2006/8/13,F,455,401
636,HUAN_HUAN,,WOLONG BC,2006/8/14,M,503,477
637,YA_ZI,,CHENPANDA ,2006/8/19,F,386,362
638,FU_NI,,WOLONG BC ,2006/8/23,F,503,516
639,FU_WA,,WOLONG BC,2006/8/23,M,503,516
641,FENG_YI,,WOLONG BC,2006/8/23,F,502,432
643,CUI_CUI,,WOLONG BC ,2006/8/25,F,369,495
644,SHUANG_ER,,CHENPANDA ,2006/8/30,M,455,453
645,DA_JIAO,,CHENPANDA ,2006/8/30,F,455,425
646,JIAO_XIAO,,CHENPANDA ,2006/8/31,M,455,425
648,YOU_YOU,,CHONGQING ,2006/9/5,F,424,493
649,MEI_LAN,,ATLANTA ,2006/9/6,M,461,452
650,QIAN_QIAN,,WOLONG BC ,2006/9/11,F,369,474
651,DUO_DUO,,WOLONG BC ,2006/9/11,F,424,474
652,MENG_MENG,,WOLONG BC ,2006/9/13,F,424,382
654,XI_DOU,,WOLONG BC ,2006/9/24,F,479,504
660,NIU_NIU,,TAIBAI,wild ~ 1994,F,WILD,WILD
661,YI_BAO,,BAOXING ,wild ~ 2006,M,WILD,WILD
662,MING_BING,,NISHIMURO ,2006/12/23,M,390,408
663,AI_BING,,NISHIMURO ,2006/12/23,F,390,408
664,QING_QING,,WOLONG BC ,2007/2/23,F,479,403
665,XIANG_BING,,CHENPANDA ,2007/6/30,F,455,314
666,SHU_LING,,CHENPANDA ,2007/7/5,M,455,480
667,XIN_XIN,,CHENPANDA,2007/7/5,F,455,480
668,HUA_LONG,,WOLONG BC ,2007/7/16,M,503,487
669,HUA_AO,,WOLONG BC ,2007/7/16,M,503,487
670,JI_YOU,,CHENPANDA ,2007/7/23,M,455,523
671,JI_LI,,CHENPANDA ,2007/7/23,F,455,523
672,JIN_XIN,,YAAN BC ,2007/8/6,F,488,437
674,XIANG_GE,,WOLONG BC ,2007/8/7,M,502,544
676,ER_SHUN,,CHONGQING,2007/8/10,F,424,493
678,KE_LIN,,CHENPANDA ,2007/8/13,F,386,425
680,XING_RONG,,CHENPANDA ,2007/8/13,F,386,401
681,XING_YA,,CHENPANDA ,2007/8/13,F,519,401
682,ZHU_LING,,WOLONG BC,2007/8/18,F,424,477
685,FU_LONG,,VIENNA,2007/8/23,M,526,514
688,QING_FENG,,WOLONG BC,2007/8/24,M,479,516
689,WU_JUN,,WOLONG BC ,2007/9/14,M,502,495
690,WU_JIE,,WOLONG BC ,2007/9/14,M,502,495
691,WEN_YU,,WOLONG BC ,2007/9/24,F,488,504
694,ZHEN_ZHEN,,SANDIEGOZ ,2007/8/3,F,415,371
696,ZI_XIA,,ANXIAN,wild ~1995 +/-3yr,F,WILD,WILD
698,SHUI_XIU,,BEICHUAN,wild ~2003 +/-2yr,F,WILD,WILD
701,YING_PING,,QINGCHUAN,wild ~1995 +/-3yr,F,WILD,WILD
702,WANG_JIA,,BAOXING ,wild ~ 2007,F,WILD,WILD
703,ABAO,,TAIBAI ,wild ~2007,M,WILD,WILD
704,PING_PING,,YAAN BC ,2008/7/6,F,479,439
706,YUN_YUN,,YAAN BC,2008/7/13,F,424,382
707,YOU_YOU,,YAAN BC,2008/7/21,M,424,516
707,YOU_YOU,,YAAN BC,2008/7/21,M,424,516
708,HAN_YUAN,,YAAN BC ,2008/7/21,F,424,516
709,QI_FU,,CHENPANDA ,2008/7/26,F,377,491
711,GONG_ZI,,CHENPANDA ,2008/7/26,M,342,522
713,QIN_CHUAN,,CHENPANDA ,2008/7/27,M,377,509
714,NING_NING,,YAAN BC,2008/7/27,M,503,418
715,LE_LE,,LOUGUANTA ,2008/7/29,M,377,494
717,SHU_XIANG,,CHENPANDA ,2008/8/4,M,455,480
719,AN_AN,,YAAN BC ,2008/8/6,M,424,581
721,AO_YUN,,YAAN BC,2008/8/8,M,503,432
722,BEI_BEI,,CHENPANDA,2008/8/10,F,455,490
723,HUAN_HUAN,,CHENPANDA,2008/8/10,F,455,490
724,YING_YING,,CHENPANDA ,2008/8/23,M,342,523
725,NI_NI,,CHENPANDA ,2008/8/23,F,342,523
726,KAI_KAI,,CHENPANDA,2008/8/24,M,377,362
731,XI_LAN,,ATLANTA ,2008/8/30,M,461,452
732,DA_MAO,,CHENPANDA,2008/9/1,M,540,570
734,HU_BAO,,YAAN BC ,2008/9/3,F,488,549
735,MIN_MIN,,YAAN BC ,2008/9/3,F,488,549
736,YUAN_ZI,,CHENPANDA,2008/9/6,M,377,561
737,MEI_BING,,NISHIMURO ,2008/9/13,F,390,521
738,YONG_BING,,NISHIMURO ,2008/9/13,M,390,521
739,A_LING,,YAAN BC ,2008/9/14,F,502,495
740,LIN_BING,,CHIANGMAI ,2009/5/27,F,510,539
741,HAO_HAO,,YAAN BC,2009/7/7,F,424,487
742,YUN_YUN,,YAAN BC,2009/7/7,M,502,477
743,JIN_KE,,YAAN BC ,2009/7/15,M,377,418
744,YIN_KE,,YAAN BC,2009/7/16,M,503,511
745,XING_HUI,,YAAN BC,2009/7/22,M,503,568
746,XING_RUI,,YAAN BC ,2009/7/22,M,503,568
747,XIANG_LU,,YAAN BC ,2009/7/23,M,503,474
748,XIANG_LIN,,YAAN BC ,2009/7/24,M,488,544
749,YUN_ZI,,SANDIEGOZ,2009/8/5,M,415,371
750,BO_SI,,YAAN BC ,2009/8/7,F,399,569
751,SHEN_WEI,,YAAN BC ,2009/8/7,M,399,569
752,ZI_YAN,,YAAN BC ,2009/8/14,M,488,656
755,SHEN_BIN,,YAAN BC ,2009/8/20,F,502,512
756,SHU_QIN,,YAAN BC ,2009/8/26,F,503,382
757,YA_YA,,LOUGUANTA ,2009/9/4,F,697,509
758,LU_LIN,,YAAN BC ,2009/9/12,M,503,495
759,YAO_MAN,,YAAN BC ,2009/9/27,F,503,439
760,YAO_XIN,,YAAN BC,2009/9/27,F,503,439
761,WEN_LI,,CHENPANDA ,2009/7/19,F,377,387
762,YA_LI,,CHENPANDA ,2009/7/19,F,377,387
763,ZHI_ZHI,,CHENPANDA ,2009/8/23,F,377,494
764,QI_QI,,CHENPANDA,2009/9/28,F,455,453
764,QI_QI,,CHENPANDA,2009/9/28,F,455,453
765,BEI_CHUAN,,BEICHUAN,wild ~2006 +/-2yr,F,WILD,WILD
766,DA_BAITU,,BEIJING,2010/7/2,F,394,566
768,JIN_HU,,YAAN BC ,2010/7/8,M,424,549
769,JIAO_QING,,CHENPANDA,2010/7/15,M,386,425
770,ER_XI,,CHENPANDA ,2010/7/26,M,574,401
771,CAI_YUN,,YAAN BC ,2010/7/27,F,502,557
772,ZHAO_YANG,,YAAN BC ,2010/7/27,M,502,557
774,FEI_YUN,,YAAN BC ,2010/7/30,F,503,432
775,AO_AO,,YAAN BC ,2010/8/1,M,502,698
778,CAI_TAO,,YAAN BC ,2010/8/4,M,488,568
779,ZHEN_QIAO,,CHENPANDA ,2010/8/6,F,455,490
780,ZHEN_HAO,,CHENPANDA ,2010/8/6,M,455,490
781,MIAO_YIN,,YAAN BC ,2010/8/9,F,503,571
782,HAI_BING,,NISHIMURO ,2010/8/11,M,390,521
783,YANG_BING,,NISHIMURO ,2010/8/11,F,390,521
784,XIAO_BAITU,,YAAN BC ,2010/8/13,F,502,403
786,QING_SHAN,,YAAN BC ,2010/8/14,M,488,547
787,YUAN_ZHOU,,CHENPANDA ,2010/8/15,M,342,561
788,YUAN_LIN,,CHENPANDA ,2010/8/15,M,342,561
789,FU_HU,,VIENNA ,2010/8/23,M,526,514
791,YANG_HUA,,YAAN BC ,2010/8/25,F,579,572
792,DE_DE,,CHENPANDA ,2010/8/15,M,519,576
793,A_BAO,,MADRID Z ,2010/9/7,M,519,576
794,HU_CHUN,,YAAN BC ,2010/9/8,F,502,495
796,YA_YUN,,CHENPANDA ,2010/9/10,F,386,362
800,ZHI_CHUN,,YAAN BC ,2010/10/19,F,503,474
801,A_BAO(PO),,ATLANTA ,2010/11/3,F,461,452
802,QI_ZAI,,FUPING ,wild ~ 2009,M,WILD,WILD
803,ER_LANG,,TAIBAI,wild ~ 2009,M,WILD,WILD
810,YUN_DUO,,WOLONG BC ,2011/7/8,F,502,476
811,AI_LI,,CHENPANDA ,2011/7/24,F,574,387
813,JUN_JUN,,CHENPANDA ,2011/8/1,F,574,570
814,ZHEN_ZHEN,,CHENPANDA ,2011/8/4,F,455,490
815,QIAO_QIAO,,CHENPANDA,2011/8/4,M,455,490
818,SHUANG_XIN,,CHENPANDA ,2011/8/9,F,540,453
819,SHUANG_XI,,CHENPANDA ,2011/8/9,F,540,453
820,XING_MEI,,CHENPANDA,2011/8/10,F,584,555
821,HE_QI,,CHENPANDA,2011/8/12,F,455,522
821,HE_QI,,CHENPANDA,2011/8/12,F,455,522
822,HE_MEI,,CHENPANDA,2011/8/12,F,455,522
822,HE_MEI,,CHENPANDA,2011/8/12,F,455,522
823,ER_QIAO,,CHENPANDA ,2011/8/13,F,574,401
824,CHENG_DA,,CHENPANDA ,2011/8/15,F,574,523
825,LIU_YI,,CHENPANDA,2011/8/15,M,584,523
825,LIU_YI,,CHENPANDA,2011/8/15,M,584,523
827,SU_SHAN,,YAAN BC ,2011/8/20,F,623,505
829,MANG_ZAI,,CHONGQING ,2011/9/4,F,424,493
830,YUN_TAO,,YAAN BC ,2011/10/31,M,623,432
831,LONG_LONG,,SZECHWAN ,2012/4/17,M,WILD,WILD
832,YOU_BING,,NISHIMURO,2012/8/10,F,390,521
834,ZHENG_ZHENG,,YAAN BC ,2012/7/11,F,503,511
835,HUI_HUI,,YAAN BC,2012/7/11,F,503,511
837,YI_RAN,,YAAN BC ,2012/7/24,F,661,698
838,YI_CHANG,,YAAN BC ,2012/7/25,F,661,698
839,AO_LI_AO,,CHENPANDA ,2012/7/28,M,584,387
841,YUAN_XIN,,YAAN BC ,2012/7/28,M,488,516
842,XIAO_LIWU,,SANDIEGOZ ,2012/7/29,M,415,371
846,JIA_JIA,,YAAN BC ,2012/8/5,F,503,487
848,XIAO_QIAO,,CHENPANDA ,2012/8/12,F,540,635
851,SI_YI,,CHENPANDA ,2012/8/19,M,584,593
852,HAN_HAN,,YAAN BC ,2012/8/21,M,503,495
853,YUAN_RUN,,CHENPANDA ,2012/8/25,F,584,561
855,MIAO_MIAO,,CHENPANDA ,2012/9/4,F,584,425
857,CHENG_SHUANG,,CHENPANDA ,2012/9/12,M,532,523
858,CHENG_DUI,,CHENPANDA ,2012/9/12,M,532,523
860,QIAO_QIAO,,WOLONG,wild ~2009 +/-1yr,F,WILD,WILD
862,XIN_XIN,,YAAN BC ,2013/6/22,F,623,544
864,YUAN_ZAI,,TAIPEI ,2013/7/6,F,588,587
865,HUA_HU,,WOLONG BC ,2013/7/6,M,623,581
867,HUA_BAO,,YAAN BC,2013/7/10,M,488,476
868,MENG_MENG,,CHENPANDA,2013/7/10,F,584,401
869,HUA_NI,,YAAN BC ,2013/7/13,F,503,692
870,MEI_LUN,,ATLANTA ,2013/7/15,F,461,452
871,MEI_HUAN,,ATLANTA ,2013/7/15,F,461,452
872,MING_MING,,CHENPANDA ,2013/7/17,F,584,491
874,HUA_RONG,,WOLONG BC ,2013/7/18,M,502,487
875,HE_XING,,CHENPANDA ,2013/7/23,M,584,522
877,XI_LE,,YAAN BC ,2013/7/24,F,MULT,511
878,LONG_LONG,,PANYU ,2013/7/31,F,455,547
879,XING_YA,,YAAN BC,2013/8/5,M,488,712
880,XING_AN,,YAAN BC,2013/8/5,F,488,712
881,QIAN_QIAN,,CHENPANDA ,2013/8/6,F,584,645
882,NAN_NAN,,CHENPANDA ,2013/8/6,F,584,645
883,FU_LU,,YAAN BC ,2013/8/8,F,623,566
884,WU_WEN,,YAAN BC,2013/8/11,F,502,477
886,HUA_YANG,,YAAN BC ,2013/8/12,M,579,698
887,FU_BAO,,VIENNA ,2013/8/14,M,526,514
889,XI_XI,,CHENPANDA ,2013/8/14,F,540,537
890,GONG_GONG,,YAAN BC ,2013/8/18,M,503,641
892,SAN_ER,,CHENPANDA ,2013/8/19,F,584,425
894,MENG_DA,,CHENPANDA,2013/8/22,M,584,652
895,MENG_ER,,CHENPANDA,2013/8/22,M,584,652
896,HAO_QI,,CHONGQING ,2013/8/23,F,424,493
897,BAO_BAO,,NZP-WASH ,2013/8/23,F,458,473
899,XING_YI,,CHENPANDA ,2013/8/23,M,584,680
900,XING_ER,,CHENPANDA,2013/8/23,M,584,680
902,Shun_Shun,,YAAN BC ,2013/8/27,M,503,568
903,YA_YI,,CHENPANDA ,2013/8/27,F,584,681
904,YA_ER,,CHENPANDA ,2013/8/27,M,584,681
905,SEN_SEN,,WOLONG BC ,2013/8/29,M,661,382
906,XING_BAO,,MADRID Z ,2013/8/30,M,519,576
907,HUA_LI,,YAAN BC,2013/9/2,F,503,571
908,QIN_QIN,,LOUGUANTA ,2013/7/18,F,697,603
909,AN_AN,,LOUGUANTA ,2013/9/27,F,584,509
910,YA_JI,,YAAN BC ,2014/5/26,M,MULT,439
911,YONG_YONG,,LOUGUANTA ,2014/6/25,F,624,562
912,YUAN_YUAN,,LOUGUANTA ,2014/6/25,M,624,562
913,YUE_LIANG,,YAAN BC ,2014/6/27,F,503,664
914,XING_YU,,CHENPANDA ,2014/6/30,F,584,555
915,XING_YUAN,,CHENPANDA ,2014/6/30,M,584,555
917,CHENG_JIU,,CHENPANDA ,2014/7/18,M,624,523
918,MAO_ZHU,,CHENPANDA,2014/7/26,M,540,570
919,MAO_ER,,CHENPANDA,2014/7/26,F,540,570
920,SHUANG_HAO,,CHENPANDA ,2014/7/29,M,649,453
921,MENG_MENG,,PANYU ,2014/7/29,F,455,557
922,SHUAI_SHUAI,,PANYU ,2014/7/29,M,455,557
923,KU_KU,,PANYU ,2014/7/29,M,455,557
924,QI_QIAO,,CHENPANDA ,2014/8/2,F,649,709
925,QI_XI,,CHENPANDA ,2014/8/3,F,649,709
926,SU_XING,,YAAN BC ,2014/8/3,M,503,596
928,ZHEN_DUO,,CHENPANDA,2014/8/4,M,584,490
929,BING_HUA,,YAAN BC ,2014/8/9,F,503,474
931,FA_FA,,WOLONG BC ,2014/8/10,F,488,568
932,PU_PU,,WOLONG BC ,2014/8/10,F,488,568
933,Bing_Qing,,WOLONG BC ,2014/8/12,F,502,432
935,Xian_Xian,,WOLONG BC ,2014/8/15,F,MULT,477
936,Lu_Lu,,YAAN BC ,2014/8/16,F,579,698
937,Xi_Xi,,YAAN BC ,2014/8/16,M,623,698
938,Bing_Cheng,,YAAN BC ,2014/8/22,M,661,702
940,XIAO_YA,,LOUGUANTA ,2014/9/15,F,MULT,494
941,JIN_BAO_BAO,,YAAN BC,2014/9/20,F,674,712
943,Bing_Jing,,YAAN BC ,2014/9/29,F,503,755
944,Ying_Bing,,NISHIMURO ,2014/12/2,F,390,521
945,Tao_Bing,,NISHIMURO ,2014/12/2,F,390,521
946,DIAN_DIAN,,YAAN BC ,2015/6/20,F,MULT,566
947,OLYMPIA,,CHENPANDA ,2015/6/21,F,624,678
948,FU_WA,,CHENPANDA ,2015/6/21,F,624,678
949,XIN_BAO,,WOLONG BC ,2015/6/25,M,743,692
950,HUA_BAO,,WOLONG BC ,2015/6/25,M,743,692
951,YA_XING,,YAAN BC ,2015/6/27,M,502,650
952,PING_PING,,YAAN BC ,2015/6/27,M,502,650
953,YA_MEI,,YAAN BC ,2015/6/30,F,503,476
954,MENG_LAN,,CHENPANDA ,2015/7/4,M,649,652
957,XIAO_YA,,CHENPANDA ,2015/7/26,M,584,635
958,XIAO_CHUAN,,CHENPANDA ,2015/7/26,M,584,635
960,WEN_HUI,,YAAN BC ,2015/7/27,F,502,740
961,SI_NIAN,,CHENPANDA ,2015/8/2,M,649,593
962,SI_YUN_YUN,,CHENPANDA ,2015/8/2,M,649,593
963,JING_AO,,CHENPANDA ,2015/8/2,M,831,598
964,JING_YUN,,CHENPANDA ,2015/8/2,M,831,598
965,NI_DA,,CHENPANDA ,2015/8/7,F,624,725
966,NI_XIAO,,CHENPANDA ,2015/8/7,F,624,725
967,TUAN_ZI,,YAAN BC ,2015/8/8,F,503,694
968,CHUN_QIAO,,YAAN BC ,2015/8/8,F,503,694
969,YUE_YUE,,PANYU ,2015/8/9,F,455,618
970,HE_HE,,YAAN BC ,2015/8/10,F,743,571
971,JIU_JIU,,YAAN BC ,2015/8/10,F,743,571
972,JIA_HE,,YAAN BC ,2015/8/15,M,623,672
973,JIA_MEI,,YAAN BC ,2015/8/15,F,623,672
975,QING_QING,,YAAN BC ,2015/8/18,M,579,759
976,BING_BING,,YAAN BC ,2015/8/18,F,579,759
977,NUAN_NUAN,,KUALA LUM ,2015/8/18,F,639,641
978,BEI_BEI,,NZP-WASH,2015/8/22,M,458,473
980,YI_YUN,,YAAN BC ,2015/8/22,F,579,432
982,DING_DING,,CHONGQING ,2015/8/30,F,424,493
983,A_JIA,,YAAN BC ,2015/8/31,F,743,735
984,YA_JUN,,YAAN BC ,2015/9/6,F,743,572
985,QI_QI,,CHENPANDA ,2015/9/16,M,584,537
986,DIAN_DIAN,,CHENPANDA ,2015/9/16,M,584,537
987,JIA_YUE_YUE,,TORONTO ,2015/10/13,F,MULT,676
988,JIA_PAN_PAN,,TORONTO,2015/10/13,M,MULT,676
989,ZI_JIN,,SZECHWAN,wild ~1998 +/-1yr,M,WILD,WILD
990,ZHAO_MEI,,SZECHWAN,wild ~ 2010,F,WILD,WILD
991,MEI_LAN,,CHENPANDA ,2016/5/29,F,584,737
992,TIAN_BAO,,PAIRI DAI,2016/6/2,M,745,741
994,WEN_WEN,,CHENPANDA ,2016/6/14,M,649,761
997,YA_ZHU,,CHENPANDA ,2016/6/20,F,624,762
998,YA_YUN,,CHENPANDA ,2016/6/20,F,624,762
999,XING_GUANG,,CHENPANDA ,2016/6/23,M,649,681
1000,XING_CHEN,,CHENPANDA ,2016/6/23,F,649,681
1001,JIAN_JIAN,,SHIPAIWAN,2016/6/26,M,726,667
1002,KANG_KANG,,SHIPAIWAN,2016/6/26,M,726,667
1003,JI_MEI,,CHENPANDA ,2016/6/27,M,649,671
1004,JI_LAN,,CHENPANDA ,2016/6/27,F,649,671
1005,YUAN_YUE,,CHENPANDA ,2016/6/29,F,584,561
1006,YUAN_MAN,,CHENPANDA ,2016/6/29,F,584,561
1008,QI_YI,,CHENPANDA ,2016/7/1,F,584,491
1009,QI_GUO,,CHENPANDA ,2016/7/1,F,584,491
1011,YU_BAO,,CHONGQING ,2016/7/11,M,719,548
1012,YU_BEI,,CHONGQING ,2016/7/11,F,719,548
1013,FU_SHUN,,CHENPANDA ,2016/7/14,M,649,709
1014,FU_LAI,,CHENPANDA ,2016/7/14,F,649,709
1016,MAO_DOU,,CHENPANDA ,2016/7/26,M,584,570
1017,MAO_TAO,,CHENPANDA ,2016/7/26,M,540,570
1020,CHU_XIN,,WOLONG BC ,2016/7/30,F,719,712
1021,RU_YI,,YAAN BC,2016/7/31,M,743,631
1022,MU_YUN,,YAAN BC ,2016/7/31,F,743,631
1023,HONG_XI,,YAAN BC ,2016/8/4,M,674,654
1024,PAN_QIING,,YAAN BC ,2016/8/4,F,674,654
1025,SHUANG_XIONG,,CHENPANDA ,2016/8/5,M,540,453
1026,FU_FENG,,VIENNA ,2016/8/7,F,526,514
1027,FU_BAN,,VIENNA ,2016/8/7,M,526,514
1028,HE_FENG,,CHENPANDA ,2016/8/9,M,649,522
1029,HE_YU,,CHENPANDA ,2016/8/9,F,649,522
1030,QIAO_YI,,YAAN BC ,2016/8/11,F,623,860
1031,QIAO_LIANG,,YAAN BC ,2016/8/11,M,623,860
1032,XING_HUI,,CHENPANDA ,2016/8/12,M,540,555
1033,XING_FAN,,CHENPANDA ,2016/8/12,F,540,555
1036,JIAO_AO,,CHENPANDA ,2016/8/15,M,584,645
1037,PANG_NIU,,YAAN BC ,2016/8/17,F,502,643
1038,CHENG_SHI,,CHENPANDA ,2016/8/19,M,532,523
1040,PAN_YUE,,YAAN BC ,2016/8/19,F,623,791
1042,CHULINA,,MADRID Z,2016/8/30,F,519,576
1043,YA_LUN,,ATLANTA,2016/9/3,F,461,452
1044,XI_LUN,,ATLANTA,2016/9/3,F,461,452
1045,XIU_QIU,,WOLONG BC ,2016/9/5,F,674,698
1046,YAN_HUI,,YAAN BC ,2016/9/9,F,MULT,702
1047,JIE_BING,,NISHIMURO ,2016/9/18,F,390,521
1049,LIANG_YUE,,CHONGQING ,2016/9/19,F,424,493
1052,YUE_YUE,,SHANGHAI ,2016/10/4,M,743,474
1053,BAN_BAN,,SHANGHAI ,2016/10/4,F,743,474
1054,QIN_QIN,,PANYU,2016/10/9,M,751,547
1055,AI_AI,,PANYU,2016/10/9,M,751,547
1056,ZHI_SHI,,CHENPANDA ,2017/4/24,M,624,763
1057,ZHI_MA,,CHENPANDA ,2017/4/24,M,624,763
1058,YUN_ER,,YAAN BC ,2017/5/20,M,MULT,476
1059,ZHUANG_ZHUANG,,YAAN BC ,2017/5/20,F,MULT,476
1062,RAN_RAN,,WOLONG BC ,2017/5/31,F,743,516
1063,MAI_MAI,,WOLONG BC ,2017/5/31,M,743,516
1064,PAN_WANG,,WOLONG BC ,2017/6/2,F,MULT,568
1067,QIANG_SHENG,,LOUGUANTA ,2017/6/11,M,MULT,562
1069,LU_LU,,LOUGUANTA ,2017/6/12,M,584,663
1070,XIANG_XIANG,,TOKYOUENO ,2017/6/12,F,612,600
1072,FU_XING,,YAAN BC ,2017/6/25,M,503,566
1073,DA_MEI,,CHENPANDA ,2017/6/27,F,649,824
1074,CHENG_LAN,,CHENPANDA ,2017/6/27,F,649,824
1075,HAI_HAI,,GENGDA BC ,2017/7/8,F,MULT,740
1076,LAO_LAO,,GENGDA BC ,2017/7/8,M,MULT,740
1077,JING_LIANG,,CHENPANDA ,2017/7/10,M,MULT,598
1078,3U,,CHENPANDA ,2017/7/15,F,532,490
1081,NI_KE,,CHENPANDA ,2017/7/20,M,731,725
1082,NI_NA,,CHENPANDA ,2017/7/20,F,731,725
1083,QING_QING,,CHENPANDA ,2017/7/22,F,532,823
1084,YAN_YAN,,GENGDA BC ,2017/7/23,F,MULT,572
1085,XIAO_XIN,,CHENPANDA ,2017/7/26,F,584,635
1086,TIAN_TIAN,,GENGDA BC ,2017/7/29,F,689,664
1087,DING_DING,,GENGDA BC,2017/7/30,F,661,544
1088,YOU_YOU,,GENGDA BC ,2017/7/30,M,661,544
1089,XIN_XIN,,GENGDA BC ,2017/7/29,M,MULT,694
1090,XING_AN,,GENGDA BC ,2017/7/29,M,MULT,694
1092,ZHEN_SHENG,,GENGDA BC ,2017/8/3,F,MULT,672
1093,QIAN_BAO,,GENGDA BC ,2017/8/3,M,MULT,672
1094,YUAN_MENG,,BEAUVAL,2017/8/4,M,736,723
1098,MING_MING,,GENGDA BC ,2017/8/7,M,MULT,750
1099,JIN_SHAN,,YAAN BC ,2017/8/8,F,MULT,827
1101,FU_FU,,GENGDA BC ,2017/8/10,M,MULT,495
1102,QING_CHENG,,GENGDA BC ,2017/8/11,M,MULT,432
1103,RU_RU,,YAAN BC ,2017/8/13,M,MULT,771
1104,MAN_LAN,,YAAN BC ,2017/8/13,F,MULT,771
1105,HUA_HONG,,GENGDA BC ,2017/8/17,M,MULT,631
1106,LING_YAN,,GENGDA BC ,2017/8/18,M,MULT,735
1107,LI_DUI,,GENGDA BC ,2017/8/21,M,502,571
1108,JING_BAO,,GENGDA BC ,2017/8/21,F,502,571
1109,BA_TE,,YAAN BC ,2017/8/21,M,MULT,838
1110,RAN_RAN,,YAAN BC ,2017/8/22,M,674,837
1113,RUI_RUI,,YAAN BC ,2017/9/5,F,MULT,860
1114,XING_XING,,YAAN BC ,2017/9/6,M,MULT,791
1115,YU_LEI,,GENGDA BC ,2017/9/14,M,MULT,643
1116,MENG_MENG,,LOUGUANTA ,2017/8/21,F,MULT,509
1117,XUE_BAO,,SHANGHAI ,2017/10/4,M,719,625
1118,QIAN_JIN,,SHANGHAI ,2017/10/4,F,MULT,650
1119,Jia_yuan,,SZECHWAN,wild ~2006 +/-3yr,F,WILD,WILD
1120,FENG_YI-,,KUALA LUM ,2018/1/14,F,639,641
1121,CHUAN_ZAI,,CHENPANDA ,2018/5/20,F,703,765
1122,MENG_BAO,,CHENPANDA,2018/5/23,F,649,652
1123,MENG_YU,,CHENPANDA,2018/5/23,F,649,652
1124,YUN_WEN,,CHENPANDA ,2018/6/5,F,532,796
1125,YUN_WU,,CHENPANDA ,2018/6/5,M,532,796
1126,AI_MI,,CHENPANDA ,2018/6/15,M,624,811
1127,AI_LUN,,CHENPANDA ,2018/6/15,M,624,811
1128,TIAN_BAO,,CCRCGP,2018/6/16,F,488,759
1129,RONG_YAO,,CHENPANDA ,2018/6/16,M,532,678
1130,HAO_YUE,,CCRCGP,2018/6/27,M,MULT,511
1131,QI_CHENG,,CHENPANDA ,2018/7/2,F,540,537
1132,QI_HANG,,CHENPANDA ,2018/7/2,M,540,537
1133,YI_YI,,CCRCGP,2018/7/2,M,502,487
1134,JIU_JIU,,CCRCGP,2018/7/2,F,502,487
1135,NAN_XIAO_YUE,,CCRCGP,2018/7/10,F,MULT,702
1136,LING_LANG,,CCRCGP,2018/7/12,F,579,596
1137,LONG_ZAI,,PANYU,2018/7/12,M,MULT,878
1138,YUAN_XIAO,,CCRCGP,2018/7/14,M,661,862
1139,QI_QI,,SHANGHAI ,2018/7/17,F,MULT,477
1142,HE_HE,,CCRCGP,2018/7/25,M,WILD,581
1143,MEI_MEI,,CCRCGP,2018/7/25,F,WILD,581
1144,TING_ZAI,,PANYU,2018/7/29,M,MULT,618
1145,RUN_JIU,,CHENPANDA ,2018/7/31,F,711,853
1146,NIAN_NIAN,,CCRCGP,2018/7/31,F,MULT,672
1147,ZHI_LU,,CCRCGP,2018/7/31,M,MULT,672
1148,JIN_YU,,CHENPANDA ,2018/8/4,M,724,855
1149,QIAO_YUE,,CCRCGP,2018/8/6,F,488,800
1150,YUN_DUO-,,CCRCGP,2018/8/9,F,MULT,810
1151,GANG_BENG_ER,,CCRCGP,2018/8/10,M,748,704
1152,XIANG_YE,,CCRCGP,2018/8/13,M,503,750
1153,TIAN_TIAN,,CCRCGP,2018/8/13,F,503,750
1154,CAI_BING,,NISHIMURO ,2018/8/14,F,390,521
1155,JIA_BAO,,CCRCGP,2018/8/17,M,MULT,846
1157,CHEN_XI,,CCRCGP,2018/8/17,F,MULT,755
1158,BAI_TIAN,,CCRCGP ,2018/8/20,F,MULT,784
1159,CUI_CUI,,CCRCGP,2018/8/21,M,MULT,698
1160,CAN_CAN,,CCRCGP,2018/8/22,F,MULT,698
1161,QING_TIAN,,CCRCGP,2018/9/2,M,MULT,664
1162,ZHAN_WANG,,CCRCGP,2018/9/2,F,502,643
1163,NUO_MI,,CCRCGP,2018/9/3,F,MULT,572
1164,SHUN_SHUN,,CCRCGP,2018/9/9,M,MULT,771
1165,DOU_DOU,,CCRCGP,2018/9/19,M,MULT,654
1166,ER_DOU,,CCRCGP,2018/9/19,M,MULT,654
1167,MAN_MAN,,CCRCGP,1901/12/19,M,719,735
1169,JI_NIAN,,CCRCGP,2019/5/29,M,503,766
1170,JI_QING,,CCRCGP,2019/5/29,F,503,766
1171,JI_XIAO,,CHENPANDA ,2019/6/5,F,649,671
1172,CHENG_FENG,,CHENPANDA ,2019/6/11,F,649,824
1173,CHENG_LANG,,CHENPANDA ,2019/6/11,F,649,824
1174,YING_TAO,,CCRCGP,2019/6/20,F,592,756
1175,SHUANG_SHUANG,,CHONGQING ,2019/6/23,M,719,548
1176,CHONG_CHONG,,CHONGQING ,2019/6/23,M,719,548
1177,XI_XI,,CHONGQING ,2019/6/23,F,MULT,829
1178,QING_QING,,CHONGQING ,2019/6/23,F,MULT,829
1179,QI_LIN,,CCRCGP,2019/6/26,M,MULT,708
1180,TIAN_KE,,CCRCGP,2019/6/26,F,MULT,708
1181,A_LING-1,,CCRCGP,2019/6/28,F,488,739
1183,LIN_BING-1,,CCRCGP,2019/6/28,M,502,740
1184,LIN_BING-2,,CCRCGP,2019/6/28,M,502,740
1185,BAO_GE,,CHENPANDA ,2019/7/6,M,724,801
1186,BAO_MEI,,CHENPANDA ,2019/7/6,F,724,801
1187,FU_TAO,,CCRCGP,2019/7/9,M,747,566
1188,FU_LIN,,CCRCGP,2019/7/9,F,747,566
1189,JIA_JIA,,LOUGUANTA ,2019/7/10,M,624,509
1190,YUAN_YUAN,,LOUGUANTA ,2019/7/10,F,624,509
1191,YAO_MAN-1,,CCRCGP,2019/7/26,F,MULT,759
1192,YAO_MAN-2,,CCRCGP,2019/7/27,M,MULT,759
1193,ZHEN_ZHEN-,,CCRCGP,2019/7/28,M,MULT,694
1194,MEI_XI-,,CCRCGP,2019/8/1,F,MULT,631
1196,YANG HUA-2,,CCRCGP,2019/8/3,M,775,791
1197,YANG HUA-1,,CCRCGP,2019/8/3,M,775,791
1198,SU_SHAN-1,,CCRCGP,2019/8/4,F,MULT,827
1199,SU_SHAN-2,,CCRCGP,2019/8/4,F,MULT,827
1200,HAO_HAO-1,,PAIRI DAI,2019/8/8,M,745,741
1201,HAO_HAO-2,,PAIRI DAI,2019/8/8,F,745,741
1202,JIN_BAO,,CHENPANDA ,2019/8/9,M,703,990
1204,LU_LU-,,CCRCGP,2019/8/10,F,MULT,936
1205,XI_MENG-,,CCRCGP,2019/8/13,F,MULT,511
1206,YOU_YOU-,,CCRCGP,2019/8/14,M,MULT,474
1207,YI_RAN-1,,CCRCGP,2019/8/17,F,674,837
1209,CAO_CAO-1,,CCRCGP,2019/8/20,M,WILD,581
1210,CAO_CAO-2,,CCRCGP,2019/8/20,F,WILD,581
1211,ZHENG_ZHENG,,CCRCGP,2019/8/21,F,751,834
1212,QIN_KU_ER,,LOUGUANTA ,2019/8/25,F,624,562
1213,MENG_YUAN,,BERLINZOO,2019/8/31,M,769,868
1214,MENG_XIANG,,BERLINZOO,2019/8/31,M,769,868
1215,SU_LIN-1,,CCRCGP,2019/8/31,M,MULT,596
1216,SU_LIN-2,,CCRCGP,2019/9/1,M,MULT,596
1217,SHUI_XIU-,,CCRCGP,2019/9/1,M,579,698
1218,SI_XUE-,,SHANGHAI ,2019/9/13,M,MULT,625
1219,QIAO_QIAO-1,,CCRCGP,2019/9/16,M,WILD,860
1220,QIAO_QIAO-2,,CCRCGP,2019/9/16,M,WILD,860
1221,GUO_QING,,PANYU,2019/9/30,?,751,547
1222,JIA_JIA-,,SHANGHAI ,2019/10/6,M,MULT,846
1223,SHUN_SHUN,,CHENPANDA ,2019/10/11,M,540,635
1224,LIU_LIU,,CHENPANDA ,2019/10/11,F,540,635
1225,HUA_MEI-1,,CCRCGP,2019/10/17,?,MULT,487
1226,HUA_MEI-2,,CCRCGP,2019/10/17,F,MULT,487
1227,ZHI_CHUN-1,,CCRCGP,2019/10/20,F,MULT,800
1228,ZHI_CHUN-2,,CCRCGP,2019/10/20,M,MULT,800
1230,PING_PING,,CHENPANDA ,2020/3/17,M,540,570
1231,AN_AN,,CHENPANDA ,2020/3/17,M,540,570
1232,CHUN_SHENG,,CHENPANDA ,2020/3/21,M,857,763
1233,RUN_YUE,,CHENPANDA ,2020/6/5,F,711,853
1234,__,,CHENPANDA ,2020/6/5,?,711,853
1235,AI_JIU,,CHENPANDA ,2020/6/5,F,711,811
1236,YUAN_BAO,,TAIPEI ,2020/6/28,F,588,587
1237,HE_HUA,,CHENPANDA ,2020/7/4,F,649,522
1238,HE_YE,,CHENPANDA ,2020/7/4,M,649,522
1239,XIANG_GUO,,CHENPANDA ,2020/7/6,F,MULT,665
1240,YUN_YU,,CHENPANDA ,2020/8/16,M,711,796
1241,__,,LOUGUANTA ,2020/8/17,F,MULT,911
1242,__,,CCRCGP,2020/8/19,F,MULT,784
1243,__,,NZP-WASH,2020/8/21,M,458,473
1244,__,,LOUGUANTA ,2020/8/22,F,624,908
1245,__,,LOUGUANTA ,2020/8/22,F,624,908
1246,JIN_XI,,CHENPANDA ,2020/9/1,M,724,855
1247,JIN_SHUANG,,CHENPANDA ,2020/9/1,F,724,855
1248,__,,LOUGUANTA ,2020/10/11,M,MULT,509
1249,LU_XI,,CHENPANDA ,2020/10/18,M,711,883
1250,__,,CHENPANDA ,2020/10/18,F,711,883
1251,CHONG_YANG,,CHENPANDA ,2020/10/25,M,540,537
1252,ZHU_YU,,CHENPANDA ,2020/10/25,F,540,537
1253,FAN_XING,,RHENEN,2020/5/1,M,879,884
1254,FU_BAO,,YONG IN ,2020/7/20,F,841,869
,,,,,,,
,,,,,,,
,,,,,,,
,,,,,,,